,Metadata_OMIM_disease_names,Cells_Intensity_IntegratedIntensityEdge_GFP,Cells_Texture_InfoMeas1_GFP_20_02_256,Nuclei_Correlation_K_Mito_GFP,Cytoplasm_Correlation_RWC_GFP_DNA,Cytoplasm_Texture_InfoMeas1_GFP_20_02_256
HPRT1_Arg45Lys,LESCH-NYHAN SYNDROME,-1.6634527,1.7179849,-0.5080899,-0.8989199,2.0731993
SOD1_Gly93Ala,Unknown,-2.2942605,1.4297073,-1.9345708,-1.0328082,1.6634527
AIPL1_Met79Thr,Unknown,-1.1997789,2.106328,-2.3210042,-1.5422102,1.2930901
HPRT1_Leu41Pro,LESCH-NYHAN SYNDROME,-1.7873065,1.7345445,-1.5361098,-0.6609344,2.089477
HPRT1_Phe74Leu,Unknown,-1.6862115,1.3943117,-1.3700601,-1.4615394,1.7262056
SOD1_Lys145Thr,Unknown,-1.888203,1.1808311,-1.3605814,-1.7018834,1.6273326
SOD1_Ala146Thr,AMYOTROPHIC LATERAL SCLEROSIS 1,-1.3992615,1.0585995,-1.3558877,-1.4780264,1.306116
SMAD3_Leu274Pro,Unknown,-1.7966007,2.636557,-1.5122623,-1.2511791,2.2452297
MVK_Leu41Pro,"POROKERATOSIS 3, MULTIPLE TYPES",-1.670943,1.9225872,-1.7873065,-1.2036206,1.7345445
NT5C3A_Cys108Arg,Unknown,-1.0986629,1.2552714,-1.3419824,-2.2690635,1.1997789
SOD1_Ala5Val,AMYOTROPHIC LATERAL SCLEROSIS 1,-1.6134613,0.94750094,-0.94167036,-1.6634527,1.3558877
BRCA1_Ser186Tyr,"BREAST-OVARIAN CANCER, FAMILIAL, SUSCEPTIBILITY TO, 1; BREAST CANCER",-0.76940536,0.8905659,-1.3238363,-0.11032282,1.0986629
GBA_GLY416SER,Unknown,-1.7781643,1.5672048,-1.7262056,-1.760313,1.4949254
MVK_Asn301Thr,MEVALONIC ACIDURIA,-2.160822,1.5736089,-1.7098788,-1.888203,1.7179849
TTPA_Gly246Arg,ATAXIA WITH VITAMIN E DEFICIENCY,-1.2676766,1.7873065,-1.6939955,-0.8933436,1.9225872
NT5C3A_Gly202Arg,Unknown,-0.8310976,0.8658682,-0.9741476,-2.636557,0.56630087
FH_Leu507Pro,HEREDITARY LEIOMYOMATOSIS AND RENAL CELL CANCER,-1.1055132,1.1921484,-0.603949,-2.1805034,1.6785283
RAF1_Gly361Ala,NOONAN SYNDROME 5; LEOPARD SYNDROME 2,-1.0045906,1.5998936,-0.93298405,-0.53589046,1.3149245
MVK_Leu265Pro,HYPER-IgD SYNDROME,-2.44886,1.1299084,-1.670943,-1.8354211,2.042201
F9_Cys28Arg,"HEMOPHILIA B; THROMBOPHILIA, X-LINKED, DUE TO FACTOR IX DEFECT; HEMOPHILIA B",-1.3748459,0.9215106,-2.580556,-1.6785283,1.620358
TTPA_Glu141Lys,ATAXIA WITH VITAMIN E DEFICIENCY,-1.0170318,1.6560545,-1.3943117,-1.5866143,2.0274098
PYGL_Asn632Ile,GLYCOGEN STORAGE DISEASE VI,-1.3374045,1.1055132,-1.760313,-0.48067665,1.28028
MVK_Leu255Pro,"POROKERATOSIS 3, MULTIPLE TYPES",-1.5545862,0.38233247,-1.2930901,-0.72742695,1.2036206
AGXT_Gly161Arg,"HYPEROXALURIA, PRIMARY, TYPE I",-1.5122623,1.8060527,-1.4401562,-0.14418715,1.7098788
AGXT_Gly116Arg,"HYPEROXALURIA, PRIMARY, TYPE I",-1.5422102,1.8455719,-1.3796635,-0.4412446,1.5736089
AGXT_Asp201Asn,"HYPEROXALURIA, PRIMARY, TYPE I",-1.1370032,0.8577524,-1.3512235,-2.1419435,0.7594082
